subscriber_id,first_name,last_name,region,plan_type,join_date,status
00001,Oscar,Bishop,East of England,Premium,25/08/2023,active
00002,Poppy,Wallace,Scotland,Basic,29/11/2019,active
00003,Ivy,Begum,Scotland,Standard,22/07/2019,cancelled
00004,Alfie,Ali,Northern Ireland,Premium,17/05/2019,active
00005,Matilda,O'Sullivan,Scotland,Basic,22/04/2024,cancelled
00006,Layla,Mehta,London,Premium,10/03/2023,active
00007,Isla,O'Brien,South West,Basic,04/08/2023,active
00008,Liam,Crawford,Scotland,Premium,02/10/2019,active
00009,Robyn,Campbell,London,Premium,12/04/2023,active
00010,Ruby,Wallace,London,Basic,19/03/2019,active
00011,Andrew,O'Connor,North East,Standard,21/10/2021,active
00012,Helen,Hughes,North West,Premium,03/04/2021,active
00013,Ruth,Shah,Wales,Standard,13/08/2020,active
00014,Naomi,Henderson,South West,Premium,21/08/2020,active
00015,Riya,Kelly,East of England,Standard,08/07/2022,cancelled
00016,Bella,Morris,North West,Basic,10/12/2023,active
00017,Liam,Byrne,North West,Premium,07/07/2020,active
00018,Harper,Singh,South West,Standard,26/07/2023,active
00019,Tracey,James,South West,Basic,21/03/2021,active
00020,Naomi,Owen,Northern Ireland,Standard,29/10/2023,active
00021,Beatrice,Henderson,North West,Standard,11/05/2021,active
00022,Lisa,Jones,Midlands,Premium,23/06/2024,active
00023,Lisa,Iyer,South East,Standard,02/12/2021,active
00024,Joel,Parker,Scotland,Standard,16/08/2021,active
00025,Ibrahim,Ward,London,Premium,29/11/2022,active
00026,Sinead,Wright,North West,Basic,23/01/2022,active
00027,Henry,Choudhury,Yorkshire,Basic,07/11/2019,active
00028,Riya,Bevan,Yorkshire,Standard,27/03/2023,active
00029,Linda,Iyer,London,Premium,19/10/2021,active
00030,Noah,Gwynne,Scotland,Premium,14/02/2020,active
00031,Paul,Gibson,South West,Basic,24/04/2021,cancelled
00032,Janet,Joshi,Yorkshire,Basic,03/11/2021,cancelled
00033,Iwan,James,North West,Standard,01/03/2024,active
00034,Aisha,Young,Midlands,Standard,23/01/2022,cancelled
00035,Jamie,O'Brien,North West,Basic,20/05/2020,cancelled
00036,Reuben,Owen,Scotland,Standard,30/01/2019,active
00037,Carol,Ahmed,Midlands,Basic,01/10/2020,cancelled
00038,Alexander,Mills,North West,Standard,18/01/2020,active
00039,Liam,Greenwood,Wales,Basic,11/09/2019,active
00040,Zara,Robinson,Northern Ireland,Premium,30/06/2019,active
00041,Ivy,Mitchell,East of England,Standard,23/04/2020,active
00042,Tommy,Saunders,South West,Premium,14/06/2020,active
00043,Aaliyah,Brennan,South West,Basic,02/07/2021,active
00044,Becky,Quinn,Yorkshire,Basic,15/08/2021,cancelled
00045,Sinead,Iqbal,London,Basic,13/08/2023,active 
00046,Beatrice,Lloyd,North West,Premium,20/06/2023,cancelled
SW-00047,Isla,Hussain,North West,Standard,18/05/2022,cancelled
00048,Aidan,Lee,North West,Standard,17/07/2022,active
00049,Brian,Jones,south east,Basic,05/02/2024,active
00050,Tommy,Clark,South West,Standard,17/10/2019,active
00051,Aoife,Lynch,Scotland,Standard,08/09/2022,active
00052,Priya,Walker,North East,Basic,01/03/2022,active
00053,Mariam,O'Sullivan,North West,Basic,12/09/2022,active
00054,Zara,Wright,North West,Standard,22/06/2023,active
00055,Joel,Black,North East,Premium,20/02/2023,active
00056,Eilidh,Moore,London,Basic,07/06/2020,active
00057,Heidi,Greenwood,London,Standard,22/07/2022,active
00058,Thomas,Pearce,East of England,Premium,12/05/2020,active
00059,Caroline,Henderson,South East,Standard,23/03/2024,active
00060,Chris,Lynch,Wales,Basic,04/02/2021,active
00061,Layla,King,South West,Standard,20/12/2023,active
00062,Maeve,Pearson,East of England,Standard,12/11/2022,cancelled
00063,Annabelle,Rahman,North West,Standard,01/05/2023,cancelled
00064,Ethan,Phillips,East of England,Premium,30/09/2022,active
00065,Leo,Scott,Yorkshire,Basic,26/02/2022,active
00066,Christopher,Khan,Yorkshire,Premium,11/04/2020,cancelled
00067,Joel,Bird,South West,Standard,05/01/2023,cancelled
00068,Iwan,Bradshaw,Yorkshire,Premium,30/04/2022,cancelled
00069,Anna,Joshi,Scotland,Basic,24/12/2021,cancelled
00070,Peter,Reid,Yorkshire,Standard,01/01/2022,active
00071,Bella,Mitchell,Wales,Premium,16/03/2020,active
00072,Logan,Harrison,Midlands,Basic,02/10/2019,active
00073,Owen,Watson,London,Premium,17/06/2020,cancelled
00074,Lucas,Black,Yorkshire,Standard,19/02/2022,cancelled
00075,Cian,Pearson,North West,Standard,26/03/2019,cancelled
00076,Elsie,Lee,Midlands,Standard,16/12/2022,active
00077,Liam,Brennan,South West,Standard,22/06/2021,cancelled
00078,Matilda,Holland,Northern Ireland,Basic,12/04/2020,active
00079,Edith,Holmes,North East,Premium,30/04/2021,active
00080,Beatrice,Sheikh,Northern Ireland,Standard,03/04/2024,active
00081,Imogen,Lynch,Midlands,Premium,22/02/2023,active
00082,Esme,Bevan,Scotland,Basic,01/05/2023,cancelled
00083,Becky,Walker,London,Basic,19/07/2020,active
00084,Matthew,Pearson,South East,Standard,07/02/2021,active
00085,Ian,Young,South East,Standard,08/05/2021,active
00086,Niamh,Reilly,North East,Basic,08/10/2021,active
00087,Patrick,Jones,North East,Basic,15/06/2019,active
00088,Layla,Allen,London,Premium,17/05/2022,active
00089,Niamh,Harrison,South West,Basic,18/01/2021,active
00090,Priya,Ali,East of England,Standard,15/03/2023,cancelled
00091,Erin,Jones,South East,Premium,23/04/2024,active
00092,Sebastian,McDonald,South West,Basic,19/05/2019,active
00093,Anika,James,Wales,Standard,14/03/2019,active
00094,Amelia,Stewart,Yorkshire,Premium,13/11/2019,cancelled
00095,Esme,Pugh,South East,Standard,22/09/2019,active
00096,Caleb,Edwards,South West,Standard,28/01/2023,active
00097,Diane,Smith,South West,Premium,19/10/2022,cancelled
00098,Joshua,Cooper,South West,Premium,22/04/2021,active
00099,Henry,Harris,London,Standard,07/08/2023,active
00100,Riley,Wood,South East,Standard,25/10/2022,cancelled
00101,Olivia,Kaur,East of England,Basic,17/05/2024,active
00102,John,Mitchell,South West,Basic,12/05/2021,active
00103,Matilda,Iyer,Wales,Standard,06/07/2022,active
00104,Benjamin,Stevens,Northern Ireland,Premium,02/05/2020,active
00105,Marjorie,Reilly,North East,Basic,18/12/2020,active
00106,Edith,Kelly,North West,Basic,09/04/2020,active
00107,Patrick,Stevens,Midlands,Premium,09/12/2020,cancelled
00108,Imogen,Bishop,East of England,Basic,01/07/2020,active
00109,Charlie,Davis,Northern Ireland,Basic,17/07/2023,cancelled
00110,Alexander,Fletcher,South East,Standard,15/04/2020,active
00111,Logan,Price,North West,Standard,15/07/2022,active
00112,Christopher,Reilly,East of England,Basic,04/12/2019,active
00113,Bronwen,Price,Midlands,Standard,24/03/2024,cancelled
00114,Caroline,Mehta,South East,Premium,01/03/2021,active
00115,Becky,Green,Midlands,Basic,12/02/2024,active
00116,Aisha,Jackson,Scotland,Premium,18/01/2024,active
00117,Aidan,Cox,Yorkshire,Standard,23/10/2023,cancelled
00118,Joyce,Mehta,North West,Basic,15/06/2022,active
00119,Emily,Owen,Midlands,Basic,24/01/2021,active
00120,Evie,Stevens,Yorkshire,Basic,20/09/2022,cancelled
00121,Lottie,Sims,South West,Basic,14/08/2019,active
00122,Benjamin,Green,North West,Basic,12/10/2020,cancelled
00123,Fatima,Sharma,South East,Premium,19/01/2021,cancelled
00124,Daisy,Lynch,North West,Premium,29/08/2021,active
00125,Anya,Kennedy,North East,Basic,30/03/2024,active
00126,Oliver,Pearce,Northern Ireland,Standard,07/03/2024,cancelled
00127,Janet,Clark,Northern Ireland,Basic,11/03/2023,active
00128,Hannah,Berry,North East,Basic,28/06/2023,active
00129,Daisy,Llewellyn,Northern Ireland,Premium,12/12/2020,active
00130,Cerys,Gibson,South East,Basic,04/10/2023,active
00131,Ethan,Rao,Midlands,Standard,30/03/2019,active
00132,Adam,Harris,North East,Standard,30/07/2021,cancelled
00133,Stuart,Pugh,North East,Standard,23/10/2022,active
00134,Edward,Turner,Wales,Basic,28/11/2021,active
00135,Audrey,Begum,South East,Standard,14/12/2021,cancelled
00136,Russell,Bishop,East of England,Standard,07/09/2021,active
00137,Benjamin,Russell,North East,Standard,08/08/2023,active
00138,Hannah,Walsh,Wales,Premium,17/06/2020,active
00139,Theo,Bevan,Scotland,Premium,31/01/2024,active
00140,Charlie,Holmes,London,Premium,13/07/2022,active
00141,Aoife,Smith,North West,Premium,01/01/2020,cancelled
00142,Janet,Howard,South West,Premium,23/02/2021,active
00143,Susan,Llewellyn,North West,Standard,24/10/2020,cancelled
00144,Mariam,Brennan,North East,Standard,22/06/2023,active
00145,Layla,Webster,North West,Standard,06/07/2019,active
00146,Joel,Holmes,North West,Basic,12/05/2019,cancelled
00147,Ian,Doyle,London,Standard,22/08/2020,active
00148,Aidan,Fraser,Scotland,Premium,06/08/2022,active
00149,Rhys,Scott,Wales,Basic,25/09/2021,active
00150,Laura,McCarthy,London,Standard,11/07/2024,active
00151,Elsie,Harris,South East,Standard,28/09/2021,active
00152,Sana,Cooper,London,Standard,24/03/2024,cancelled
00153,Riley,Hunt,South West,Standard,09/08/2020,cancelled
00154,Vera,Sheikh,Northern Ireland,Standard,17/11/2021,active
00155,Penelope,Williams,South West,Standard,17/07/2019,active
00156,Neil,Hill,Wales,Standard,27/04/2024,cancelled
00157,Stuart,Martin,Northern Ireland,Standard,27/03/2019,cancelled
00158,Sharon,Taylor,South West,Premium,08/09/2023,cancelled
00159,Henry,Phillips,North West,Standard,03/10/2023,active
00160,Barbara,Moore,North West,Standard,26/08/2022,active
00161,Rebecca,Moore,South West,Standard,02/06/2019,cancelled
00162,Holly,Howard,East of England,Basic,01/11/2022,active
00163,Matilda,Howard,Northern Ireland,Standard,09/02/2023,cancelled
00164,Lottie,Ahmed,East of England,Standard,25/11/2019,active
00165,Ruth,Sims,North West,Standard,08/08/2020,active
00166,Olivia,Cox,North West,Standard,18/07/2021,active
00167,Sophia,Probert,Midlands,Premium,23/01/2020,active
00168,Laura,Turner,East of England,Basic,07/01/2022,cancelled
00169,Niamh,Davis,Northern Ireland,Premium,16/06/2019,active
00170,Bronwen,McDonald,Scotland,Standard,10/03/2024,active
00171,Oscar,O'Sullivan,East of England,Basic,20/07/2020,cancelled
00172,Thomas,Mills,Scotland,Basic,04/06/2020,active
00173,Tracey,Baker,Yorkshire,Basic,23/01/2023,active
00174,Oscar,Mehta,North West,Standard,25/01/2021,active
00175,Ivy,Gibson,Scotland,Basic,06/10/2023,cancelled
00176,Khadija,Clarke,East of England,Premium,16/04/2021,cancelled
00177,Linda,Khan,South East,Basic,13/02/2021,cancelled
00178,Hannah,Baker,North East,Standard,30/07/2022,cancelled
00179,Tara,Jackson,Wales,Standard,20/11/2021,active
00180,Maeve,Harrison,Yorkshire,Standard,02/03/2022,active
00181,Lewis,Hardy,Midlands,Basic,27/04/2024,active
00182,Harper,Knight,Wales,Premium,14/02/2019,active
00183,Harry,Bradshaw,Wales,Basic,26/05/2024,active
00184,Erin,Black,London,Standard,05/03/2023,cancelled
00185,Joseph,Harris,North East,Standard,19/02/2022,active
00186,Rhys,Burke,Yorkshire,Standard,10/02/2020,active
00187,Carol,Carter,Northern Ireland,Premium,16/12/2019,cancelled
00188,Ruby,Baker,Scotland,Basic,07/08/2023,active
00189,Sharon,Mills,North East,Premium,02/10/2021,cancelled
00190,Roger,Tudor,South East,Basic,22/04/2022,active
00191,Ruby,Stewart,Scotland,Standard,16/02/2022,active
00192,Noah,Ahmed,Yorkshire,Basic,06/09/2022,active
00193,Liam,Dunn,Midlands,Premium,27/08/2022,cancelled
00194,Ruby,Mistry,Northern Ireland,Premium,27/05/2024,active
00195,Adam,Mitchell,Yorkshire,Premium,16/05/2024,active
00196,Maeve,Davis,South East,Basic,28/03/2024,active
00197,Jamie,Pearce,Scotland,Premium,11/09/2020,active
00198,Emily,Roberts,East of England,Basic,03/11/2019,active
00199,Bilal,Brennan,Scotland,Standard,20/05/2020,active
00200,Amelia,Hughes,North East,Basic,14/09/2022,cancelled
00201,Jack,Adams,South West,Basic,21/07/2025,cancelled
00202,Chris,Iqbal,Scotland,Standard,21/02/2026,active
00203,Edith,Adams,Scotland,Basic,15/04/2025,active
00204,Caleb,Johnson,North East,Basic,11/12/2025,active
00205,Toby,Clarke,East of England,Standard,17/09/2025,active
00206,Cerys,O'Sullivan,North East,Premium,11/12/2025,cancelled
00207,Aaliyah,Clarke,Scotland,Standard,31/03/2026,active
00208,Jack,Owen,Scotland,Basic,24/01/2026,active
00209,Oscar,Bevan,London,Premium,30/04/2025,active
00210,Simon,Cameron,London,Standard,13/11/2025,active
00211,Anika,Lewis,Midlands,Basic,27/08/2025,cancelled
00212,Nathan,Murphy,North East,Basic,20/10/2025,active
00213,Noah,Harris,East of England,Standard,20/07/2025,active
00214,Sarah,Lynch,North East,Standard,10/03/2026,active
00215,Sofia,Cooper,Northern Ireland,Basic,17/02/2026,active
00216,Chris,Henderson,Northern Ireland,Standard,24/02/2026,active
00217,Reuben,Jackson,North East,Standard,24/01/2026,active
00218,Oliver,Kaur,Yorkshire,Standard,19/02/2026,cancelled
00219,Aisha,Phillips,South West,Premium,24/09/2025,active
00220,Paul,Harris,South East,Premium,12/07/2025,cancelled
00221,Aaliyah,Reid,Northern Ireland,Premium,30/04/2025,active
00222,Willow,Khan,North East,Premium,14/05/2025,cancelled
00223,Ava,Hunt,Wales,Standard,20/05/2025,cancelled
00224,Maya,Martin,North East,Standard,02/08/2025,active
00225,Mohammed,Brennan,London,Basic,07/08/2025,active
00226,Rory,Roberts,East of England,Premium,20/04/2025,cancelled
00227,Holly,Wood,North East,Basic,16/07/2025,active
00228,Sarah,Reynolds,South West,Premium,24/01/2026,active
00229,Caleb,Allen,East of England,Premium,04/10/2025,active
00230,Aisha,Sheikh,Midlands,Premium,17/02/2026,active
00231,Sinead,Lynch,South West,Standard,19/06/2025,cancelled
00232,Tommy,Berry,Wales,Standard,18/12/2025,cancelled
00233,Ivy,O'Sullivan,Scotland,Standard,14/11/2025,active
00234,Tommy,Morgan,Midlands,Premium,16/12/2025,active
00235,Laura,Davies,North East,Standard,20/02/2026,active
00236,Aaliyah,Rahman,Midlands,Basic,24/01/2026,active
00237,Anna,Johnson,North West,Premium,22/08/2025,cancelled
00238,Sebastian,Bennett,North East,Premium,20/01/2026,active
00239,Tara,Turner,South West,Premium,04/05/2025,active
00240,Sarah,Ahmed,North East,Premium,20/12/2025,active
00241,Mark,Pearce,Northern Ireland,Standard,02/12/2025,cancelled
00242,Joel,Gibson,North West,Basic,09/10/2025,active
00243,Simon,McCarthy,Yorkshire,Premium,18/04/2025,active
00244,Zara,Begum,Scotland,Standard,04/09/2025,active
00245,Eilidh,Evans,London,Standard,10/02/2026,active
00246,Nadia,Russell,Northern Ireland,Premium,16/07/2025,cancelled
00247,Paul,McDonald,Yorkshire,Premium,07/09/2025,active
00248,Eva,Llewellyn,South West,Premium,11/12/2025,cancelled
00249,Erin,Turner,East of England,Basic,21/10/2025,cancelled
00250,Michael,Henderson,Northern Ireland,Standard,14/03/2026,active
00251,Riley,Jackson,South East,Standard,04/04/2026,active
00252,Edward,Owen,North West,Standard,20/04/2026,active
00253,Niamh,Foster,Yorkshire,Basic,16/04/2026,active
00254,Ella,Quinn,South East,Standard,24/04/2026,active
00255,Ethan,Walker,South West,Premium,30/04/2026,cancelled
00256,Cian,Jones,Yorkshire,Premium,22/04/2026,active
00257,Harry,Cooper,North West,Basic,30/04/2026,active
00258,Kiran,Knight,East of England,Basic,10/05/2026,active
00259,Edward,Johnson,Midlands,Basic,04/05/2026,active
00260,Sofia,Thompson,Yorkshire,Standard,21/04/2026,active
00261,Bella,Pearce,South West,Basic,03/05/2026,active
00262,Iwan,Stewart,East of England,Basic,26/04/2026,active
00263,Riya,White,Midlands,Standard,13/05/2026,active
00264,Matthew,Kaur,Scotland,Standard,29/04/2026,active
00265,Daniel,Iqbal,Wales,Standard,11/04/2026,active
00266,Tariq,Kaur,Yorkshire,Standard,15/04/2026,active
00267,Michael,Murphy,Scotland,Basic,06/04/2026,active
00268,Daniel,Khan,East of England,Premium,11/04/2026,active
00269,Toby,Stewart,Scotland,Standard,28/04/2026,active
00270,Eilidh,Taylor,Northern Ireland,Premium,10/04/2026,active
00271,Sebastian,Jackson,South West,Standard,26/04/2026,active
00272,Lucas,Allen,North East,Premium,13/04/2026,active
00273,Penelope,Lynch,Yorkshire,Basic,01/04/2026,active
00274,Harper,Bailey,Scotland,Premium,05/04/2026,active
00275,Chloe,Johnson,East of England,Premium,07/05/2026,active
00276,Lily,Ali,Northern Ireland,Premium,07/05/2026,active
00277,Anika,Adams,Midlands,Basic,03/04/2026,cancelled
00278,Beatrice,Sheikh,Northern Ireland,Standard,04/04/2026,active
00279,Hannah,Jackson,East of England,Standard,15/04/2026,active
00280,Sarah,Gibson,South East,Standard,06/05/2026,active
